id,temperature,dissolved_oxygen,created_at,updated_at,ph
3f143023-e7b7-4860-890f-bb12b8f57618,26.75,0,2025-12-24 08:11:33.709616+00,2025-12-24 08:11:33.709616+00,
6a91272b-dbfb-4081-9812-50b9511c26fa,26.81,0,2025-12-24 08:11:36.059078+00,2025-12-24 08:11:36.059078+00,
945b183a-f7d5-44ed-a002-e3a6cbb2868b,26.75,0,2025-12-24 08:11:38.313215+00,2025-12-24 08:11:38.313215+00,
c155e7a4-253d-46ad-bb71-04abac7c0c05,26.75,8.964,2025-12-24 08:12:02.882457+00,2025-12-24 08:12:02.882457+00,
afacf6e3-7bc0-4a08-b98c-d0f443f3603b,26.25,8.978,2025-12-24 08:12:05.136628+00,2025-12-24 08:12:05.136628+00,
778c0c5b-bf8a-458b-9eb9-b1b764521c10,26.12,8.48,2025-12-24 08:12:07.285623+00,2025-12-24 08:12:07.285623+00,
c43fd23c-a06a-46f0-bd5d-7437ef0a1616,26,9.157,2025-12-24 08:12:09.439589+00,2025-12-24 08:12:09.439589+00,
e16b3720-d135-44fd-97f0-3eaab723c966,25.88,9.042,2025-12-24 08:12:11.586032+00,2025-12-24 08:12:11.586032+00,
e44fa5bc-3492-4f8d-a566-ed521f52dce5,25.81,9.591,2025-12-24 08:12:13.751018+00,2025-12-24 08:12:13.751018+00,
eaa37026-2655-41c7-815d-8b1012835ed5,25.69,9.093,2025-12-24 08:12:15.924372+00,2025-12-24 08:12:15.924372+00,
c5738547-de72-40b0-8f9d-399e104dd68e,25.62,9.093,2025-12-24 08:12:18.039897+00,2025-12-24 08:12:18.039897+00,
fca3f9fa-cc1d-466c-a214-e2dd726de855,25.56,8.659,2025-12-24 08:12:20.190708+00,2025-12-24 08:12:20.190708+00,
c89e9379-63ff-489e-b53f-e888d55ab6e5,25.5,8.659,2025-12-24 08:12:22.336042+00,2025-12-24 08:12:22.336042+00,
03a87638-6f6a-4ed8-8a5e-d5f93d253bd4,25.44,8.754,2025-12-24 08:12:24.498792+00,2025-12-24 08:12:24.498792+00,
7746e6b3-f3b9-46cc-83a1-5194d3a53099,25.37,9.073,2025-12-24 08:12:26.752374+00,2025-12-24 08:12:26.752374+00,
9dafa9e7-5a66-49a8-8930-2920b7b0539a,25.31,8.688,2025-12-24 08:12:29.001113+00,2025-12-24 08:12:29.001113+00,
8969ab16-3d99-4aa5-b920-d02581e60362,25.31,9.458,2025-12-24 08:12:31.148573+00,2025-12-24 08:12:31.148573+00,
643ae7f8-ea94-46fb-bcb0-5d6a3c84914a,25.25,7.452,2025-12-24 08:12:33.329052+00,2025-12-24 08:12:33.329052+00,
fbb31a0b-a7d4-4095-8e6c-fbd176459531,25.19,8.555,2025-12-24 08:12:35.45023+00,2025-12-24 08:12:35.45023+00,
1256fda7-ae2a-4cd0-860e-88dd89a45f81,25.19,8.489,2025-12-24 08:12:37.918168+00,2025-12-24 08:12:37.918168+00,
d037b35b-b54d-455d-aae0-3f239cb4c306,25.19,8.236,2025-12-24 08:12:40.061456+00,2025-12-24 08:12:40.061456+00,
f5304d71-9433-4396-92cb-b331a0cb7bc2,25.12,8.236,2025-12-24 08:12:42.25772+00,2025-12-24 08:12:42.25772+00,
f950a3b3-1690-44e7-984d-2e43d7b941ab,25.12,8.037,2025-12-24 08:12:44.359135+00,2025-12-24 08:12:44.359135+00,
4557c4b3-e2f1-412e-8f36-2483bbbd8923,25.12,7.838,2025-12-24 08:12:46.518461+00,2025-12-24 08:12:46.518461+00,
50537f51-b4d3-4094-9c42-531a1e598bde,25.12,7.971,2025-12-24 08:12:48.872757+00,2025-12-24 08:12:48.872757+00,
d3fda752-4de7-439a-ab84-873c3450906a,25.06,8.621,2025-12-24 08:12:51.221585+00,2025-12-24 08:12:51.221585+00,
b2e2c327-bbb0-4774-a078-65a7916076ff,25.06,7.771,2025-12-24 08:12:53.369717+00,2025-12-24 08:12:53.369717+00,
62f2bb05-c4c4-4f4c-81fe-da89fcb610ab,25.06,7.585,2025-12-24 08:12:55.531655+00,2025-12-24 08:12:55.531655+00,
e03aa8a3-15c2-4d22-8956-c77c79d4ded5,25,8.621,2025-12-24 08:12:57.672696+00,2025-12-24 08:12:57.672696+00,
c639385b-2d28-46d9-96e7-32a97c648857,25,7.771,2025-12-24 08:12:59.830465+00,2025-12-24 08:12:59.830465+00,
9332f428-27db-4470-9479-3228d1fa1a6a,25,7.452,2025-12-24 08:13:02.827684+00,2025-12-24 08:13:02.827684+00,
86d02291-5026-40a4-b547-dad80f34dbfc,25,7.452,2025-12-24 08:13:04.945859+00,2025-12-24 08:13:04.945859+00,
2335b799-1a94-4388-ac64-d010189ee814,25,6.416,2025-12-24 08:13:07.148823+00,2025-12-24 08:13:07.148823+00,
6f78200e-649b-4412-a1f0-f285c594cd5f,25,7.652,2025-12-24 08:13:09.255451+00,2025-12-24 08:13:09.255451+00,
fd3ae5da-f41e-4f65-9767-ca2e5520ba34,24.94,7.452,2025-12-24 08:13:11.60678+00,2025-12-24 08:13:11.60678+00,
490ad3b0-f060-40a1-9b0c-1ae98f1a8889,24.94,7.452,2025-12-24 08:13:13.771302+00,2025-12-24 08:13:13.771302+00,
f7133328-0928-42dc-8c80-2d394fceaca2,24.94,7.452,2025-12-24 08:13:15.897113+00,2025-12-24 08:13:15.897113+00,
ebfa3e48-bad5-4daf-90d1-1af4d0b16af0,24.94,7.32,2025-12-24 08:13:18.069754+00,2025-12-24 08:13:18.069754+00,
ac3db968-23da-4502-927b-fcbd8be42d22,24.94,7.386,2025-12-24 08:13:20.207735+00,2025-12-24 08:13:20.207735+00,
0f654a94-a16b-422c-98db-cf3880a0624e,24.94,6.483,2025-12-24 08:13:22.355113+00,2025-12-24 08:13:22.355113+00,
ee0a74f0-53e2-4f20-b6b5-fbb425457afd,24.94,7.001,2025-12-24 08:13:24.510021+00,2025-12-24 08:13:24.510021+00,
ae83e032-1403-4464-8c41-75760653e674,24.94,7.187,2025-12-24 08:13:26.660792+00,2025-12-24 08:13:26.660792+00,
fdffb86b-bf4d-477b-a668-98583d4a6e12,24.94,7.067,2025-12-24 08:13:28.839077+00,2025-12-24 08:13:28.839077+00,
5b99d67d-1e4f-4e4d-8875-1433148d14d8,24.94,7.253,2025-12-24 08:13:30.998387+00,2025-12-24 08:13:30.998387+00,
fef37586-be6b-4ef3-9bd1-8642691f671f,24.94,8.236,2025-12-24 08:13:33.089855+00,2025-12-24 08:13:33.089855+00,
ba204292-ba66-4bdc-bacf-a910f7a6fd7c,24.94,8.754,2025-12-24 08:13:35.151515+00,2025-12-24 08:13:35.151515+00,
ab4b5ba0-d766-4c7c-91ef-f9f0525c0462,24.94,7.187,2025-12-24 08:13:37.306702+00,2025-12-24 08:13:37.306702+00,
1e488e2a-ce51-48db-a365-ee584d9c2f21,24.94,5.513,2025-12-24 08:13:39.556597+00,2025-12-24 08:13:39.556597+00,
e9b8da40-d03e-4f8a-91a2-cda8fb6de401,24.87,7.187,2025-12-24 08:13:42.319152+00,2025-12-24 08:13:42.319152+00,
bf648b6a-b740-4b51-a5ac-7eba2d2a517b,24.81,5.898,2025-12-24 08:13:44.581728+00,2025-12-24 08:13:44.581728+00,
4379c5ac-d1cd-4fbf-95ca-37a34cda7e95,24.81,7.001,2025-12-24 08:13:46.723117+00,2025-12-24 08:13:46.723117+00,
1c3296ff-2022-42b6-a986-7bcfd55c21e2,24.87,6.868,2025-12-24 08:13:48.881842+00,2025-12-24 08:13:48.881842+00,
251c1d8c-461a-4e82-8789-adb6d33dc5f2,24.81,6.801,2025-12-24 08:13:51.038076+00,2025-12-24 08:13:51.038076+00,
7480d52a-877d-43ed-91c7-2d1553927794,24.94,6.934,2025-12-24 08:13:53.175872+00,2025-12-24 08:13:53.175872+00,
e72244dc-94fa-49a8-9959-f84bb6c779e5,24.87,6.669,2025-12-24 08:14:06.690401+00,2025-12-24 08:14:06.690401+00,
d55e8658-e8f5-4b25-8a54-7b5d038427be,24.87,7.134,2025-12-24 08:14:08.839851+00,2025-12-24 08:14:08.839851+00,
b76b7d5e-f76d-4fb4-87da-a6c57af366b2,24.81,6.934,2025-12-24 08:14:10.9958+00,2025-12-24 08:14:10.9958+00,
747fff73-3c08-4cde-a2e1-91fc73f36d09,24.87,6.416,2025-12-24 08:14:13.14605+00,2025-12-24 08:14:13.14605+00,
d62cb04d-ddd8-48fe-ae86-ff3551b0b7f0,24.87,7.718,2025-12-24 08:14:15.295549+00,2025-12-24 08:14:15.295549+00,
0432f425-eb13-470f-8b6c-6584ca5397c9,24.87,6.669,2025-12-24 08:14:17.446126+00,2025-12-24 08:14:17.446126+00,
6ebc269a-4189-40db-925c-f4af1407a676,24.87,6.283,2025-12-24 08:14:19.645869+00,2025-12-24 08:14:19.645869+00,
0b06bb94-b35b-42a3-a470-f00c9ec116ab,24.87,6.669,2025-12-24 08:14:21.777261+00,2025-12-24 08:14:21.777261+00,
dc947077-5d9f-4c51-a5b8-5ff7226f2501,24.81,6.669,2025-12-24 08:14:23.937348+00,2025-12-24 08:14:23.937348+00,
3f68fdec-5409-4cb4-bce1-ad02bc3f8ba5,24.87,6.35,2025-12-24 08:14:26.099336+00,2025-12-24 08:14:26.099336+00,
32a9436b-cdb4-4aa1-b8dc-54f3d2f739db,24.81,6.416,2025-12-24 08:14:50.766164+00,2025-12-24 08:14:50.766164+00,
efd73b97-2329-49f0-ab72-f20d865a77b1,24.81,6.416,2025-12-24 08:14:52.885621+00,2025-12-24 08:14:52.885621+00,
41a2e012-8472-46b8-82b8-4cd5def39f35,24.81,6.15,2025-12-24 08:14:55.024+00,2025-12-24 08:14:55.024+00,
d3eb0d4e-a063-4c47-bb45-daf4fde3e9ff,24.81,6.031,2025-12-24 08:14:57.180405+00,2025-12-24 08:14:57.180405+00,
3560f5c4-35f3-400e-b247-a31cae743acf,24.87,6.283,2025-12-24 08:14:59.333012+00,2025-12-24 08:14:59.333012+00,
54f07fc0-315d-4ff7-aa93-ec023db1244e,24.81,6.084,2025-12-24 08:15:01.496843+00,2025-12-24 08:15:01.496843+00,
0c88ee5b-bd27-4be6-84d8-c99917da8628,24.81,6.35,2025-12-24 08:15:03.736536+00,2025-12-24 08:15:03.736536+00,
8fbfdd5c-6af7-4c26-8671-bf3a383fd71c,24.81,6.031,2025-12-24 08:15:05.988963+00,2025-12-24 08:15:05.988963+00,
5d723037-b0ce-42e6-97bc-4470c90d6ac2,24.81,6.031,2025-12-24 08:15:08.128866+00,2025-12-24 08:15:08.128866+00,
43c320db-1ee9-4b25-a579-0918981d611f,24.81,5.964,2025-12-24 08:15:10.285431+00,2025-12-24 08:15:10.285431+00,
7e92cef1-4bfc-48ab-9b2b-6d41d50c9a35,24.81,6.084,2025-12-24 08:15:23.605755+00,2025-12-24 08:15:23.605755+00,
94e9f853-36a3-470c-8c2d-d9fed50d72de,24.81,6.35,2025-12-24 08:15:25.963119+00,2025-12-24 08:15:25.963119+00,
b31b31a5-8521-4d52-85d1-c1c37e429357,24.81,6.283,2025-12-24 08:15:28.217368+00,2025-12-24 08:15:28.217368+00,
39152692-bdd1-49b7-89c9-aa811eeed37d,24.75,6.283,2025-12-24 08:15:30.457567+00,2025-12-24 08:15:30.457567+00,
681cac55-98b2-40d6-8062-691533ba5508,24.81,6.416,2025-12-24 08:15:32.717947+00,2025-12-24 08:15:32.717947+00,
5be72713-eaa6-4eb6-aeef-9038ebb6ee83,24.81,6.35,2025-12-24 08:15:34.868395+00,2025-12-24 08:15:34.868395+00,
8eae91a6-9034-417e-ba91-c645524dc8c6,24.81,6.35,2025-12-24 08:15:37.304344+00,2025-12-24 08:15:37.304344+00,
5852e7c4-4c48-448a-940e-c42854d9852e,24.81,6.217,2025-12-24 08:15:39.522665+00,2025-12-24 08:15:39.522665+00,
c784641a-ad7a-4351-a4b9-e7d6864b9543,24.81,5.964,2025-12-24 08:15:41.629045+00,2025-12-24 08:15:41.629045+00,
871f23d8-e41a-4af7-9080-bdb536d94a32,24.81,6.934,2025-12-24 08:15:43.828272+00,2025-12-24 08:15:43.828272+00,
642ba960-5041-4b70-8f79-452628bcd0ce,24.81,6.283,2025-12-24 08:15:46.233008+00,2025-12-24 08:15:46.233008+00,
05e94f40-c3cf-4317-95e5-17d05391f9cb,24.81,6.416,2025-12-24 08:15:48.38293+00,2025-12-24 08:15:48.38293+00,
054d32cf-54ae-4dfd-9479-3673d51b96df,24.81,6.15,2025-12-24 08:15:50.732702+00,2025-12-24 08:15:50.732702+00,
765e1553-db7d-4411-9d9a-9409d861ceee,24.81,5.964,2025-12-24 08:15:52.884506+00,2025-12-24 08:15:52.884506+00,
46138e62-1b64-440a-bb16-5cebc28a5967,24.81,6.934,2025-12-24 08:15:55.243928+00,2025-12-24 08:15:55.243928+00,
c8e9e2be-0ed6-45c3-95e2-abe628c86dd8,24.81,6.031,2025-12-24 08:16:08.547219+00,2025-12-24 08:16:08.547219+00,
5851d539-b438-4955-b7a5-ccd0fe254ee1,24.81,6.217,2025-12-24 08:16:10.806661+00,2025-12-24 08:16:10.806661+00,
2b1e47e8-36b4-4540-9177-7330b4155fd8,24.81,6.283,2025-12-24 08:16:13.258273+00,2025-12-24 08:16:13.258273+00,
f7c8f1bf-7e27-40be-9c2c-c1f7d1a181a4,24.81,6.416,2025-12-24 08:16:15.517639+00,2025-12-24 08:16:15.517639+00,
d4f738b8-2d92-44f8-946a-50c226bc1edb,24.81,9.007,2025-12-24 08:16:17.664026+00,2025-12-24 08:16:17.664026+00,
6040f0ce-2682-4d2b-aa64-4b2321fd6314,24.81,6.217,2025-12-24 08:16:19.918831+00,2025-12-24 08:16:19.918831+00,
43a80882-1f42-4db3-9dd1-e52aad320bae,24.81,6.283,2025-12-24 08:16:22.060765+00,2025-12-24 08:16:22.060765+00,
15227210-aed7-41a2-9c88-fa18316948ef,24.81,5.964,2025-12-24 08:16:24.212186+00,2025-12-24 08:16:24.212186+00,
c21228d2-740e-450c-af88-8a7656723b5b,24.81,6.15,2025-12-24 08:16:26.37017+00,2025-12-24 08:16:26.37017+00,
4a0ede9b-cea2-4a39-b2b2-3117766569c2,24.81,6.283,2025-12-24 08:16:39.685393+00,2025-12-24 08:16:39.685393+00,
93b79038-cc49-4180-a96e-bb49fc862c66,24.81,11.345,2025-12-24 08:16:41.843994+00,2025-12-24 08:16:41.843994+00,
2d5caaa0-cb8f-400f-9049-8394cf1858ef,24.81,6.283,2025-12-24 08:16:43.98255+00,2025-12-24 08:16:43.98255+00,
31ff76c2-29b9-4752-b082-0444af23acf5,24.81,6.15,2025-12-24 08:16:46.12884+00,2025-12-24 08:16:46.12884+00,
703e4f71-52a6-41a9-b46f-e09e2a08b090,24.81,6.549,2025-12-24 08:16:48.279806+00,2025-12-24 08:16:48.279806+00,
d6d28aae-44e5-4a23-9571-790451bd3b01,24.81,6.217,2025-12-24 08:16:50.453414+00,2025-12-24 08:16:50.453414+00,
cdfd6f3c-c9be-4603-bac8-aa295bbbef3f,24.81,6.283,2025-12-24 08:16:52.594682+00,2025-12-24 08:16:52.594682+00,
8f974215-327e-4564-818c-d108150ae83d,24.81,6.868,2025-12-24 08:16:54.738362+00,2025-12-24 08:16:54.738362+00,
6234e03b-2132-4329-ac37-5da8cdc0f9e3,24.81,6.283,2025-12-24 08:16:56.906449+00,2025-12-24 08:16:56.906449+00,
55867727-e92a-44a3-9493-b6d719bbd4d9,24.81,6.15,2025-12-24 08:16:59.331639+00,2025-12-24 08:16:59.331639+00,
8637414e-c3fc-4537-b74b-4945ae21fc0d,24.87,6.416,2025-12-24 08:17:01.565398+00,2025-12-24 08:17:01.565398+00,
3e784a7d-c55b-472f-9f22-0ac0ed05a30a,24.81,6.35,2025-12-24 08:17:03.740122+00,2025-12-24 08:17:03.740122+00,
8a4a7cbf-5d48-40d8-92d3-9200981f33cc,24.81,5.898,2025-12-24 08:17:05.904481+00,2025-12-24 08:17:05.904481+00,
96fafdba-9c7b-4345-90cd-7dbbced51e09,24.81,6.35,2025-12-24 08:17:08.046081+00,2025-12-24 08:17:08.046081+00,
ca69ada6-8d79-4507-a5a9-fd59aab3fe56,24.81,6.283,2025-12-24 08:17:10.302183+00,2025-12-24 08:17:10.302183+00,
60f7db81-122c-4371-be65-b49c1c6c4a87,24.81,6.416,2025-12-24 08:17:23.703548+00,2025-12-24 08:17:23.703548+00,
0e92efa1-799f-4e39-beed-763f05b4ed8d,24.81,6.15,2025-12-24 08:17:25.899888+00,2025-12-24 08:17:25.899888+00,
96a816fd-0b49-4712-b58b-ee7550ba3482,24.81,6.217,2025-12-24 08:17:28.012024+00,2025-12-24 08:17:28.012024+00,
70f1ecf1-4325-4032-b2e2-8415f983fa3c,24.81,6.416,2025-12-24 08:17:30.16739+00,2025-12-24 08:17:30.16739+00,
b4f7719a-82bd-444b-8eb1-52249fcc1b08,24.81,6.084,2025-12-24 08:17:32.279086+00,2025-12-24 08:17:32.279086+00,
e93e2cf0-992f-4cd2-9c99-fa1d8188bd39,24.87,6.283,2025-12-24 08:17:34.459157+00,2025-12-24 08:17:34.459157+00,
07c5053b-8773-4559-ba4b-52ea192522c5,24.81,7.838,2025-12-24 08:17:36.623815+00,2025-12-24 08:17:36.623815+00,
f47ab06f-5c1a-4915-9e95-3b144783dc5b,24.81,6.35,2025-12-24 08:17:39.072894+00,2025-12-24 08:17:39.072894+00,
d8885327-37ee-4e13-9136-91845f6cc694,24.81,6.283,2025-12-24 08:17:41.236518+00,2025-12-24 08:17:41.236518+00,
08373ad2-88ea-4f47-83c6-9610fe60b90c,24.81,6.15,2025-12-24 08:17:43.381438+00,2025-12-24 08:17:43.381438+00,
2b736566-1972-4267-9ffc-0a6dbc219d53,24.81,6.35,2025-12-24 08:17:45.54617+00,2025-12-24 08:17:45.54617+00,
b3cca853-ec0a-4b71-ae3e-d27871c6ac38,24.81,6.416,2025-12-24 08:17:58.829485+00,2025-12-24 08:17:58.829485+00,
809c31bd-0a4b-4893-a6ef-5b00e70025b3,24.81,6.416,2025-12-24 08:18:00.986123+00,2025-12-24 08:18:00.986123+00,
04b6d8c5-09ba-4e9f-80f2-3fb95c95298d,24.81,6.35,2025-12-24 08:18:03.154363+00,2025-12-24 08:18:03.154363+00,
6ecf3eb7-e321-4786-be89-aa4835cab2e5,24.81,6.416,2025-12-24 08:18:05.291992+00,2025-12-24 08:18:05.291992+00,
e105354e-103f-4636-963f-f84870302acf,24.81,6.15,2025-12-24 08:18:07.430283+00,2025-12-24 08:18:07.430283+00,
c6c70487-d11c-4cc4-862a-208b515f8d70,24.81,6.801,2025-12-24 08:18:09.695334+00,2025-12-24 08:18:09.695334+00,
af8f861d-e43c-446c-99b2-bfbae0ec7363,24.75,8.037,2025-12-24 08:18:11.838083+00,2025-12-24 08:18:11.838083+00,
aa38c10e-ed10-4147-9fe4-b4c8bb4336b7,24.87,8.621,2025-12-24 08:18:14.000976+00,2025-12-24 08:18:14.000976+00,
7527433f-4e17-4f64-9f47-f67c35efaf1b,25,6.669,2025-12-24 08:18:16.449567+00,2025-12-24 08:18:16.449567+00,
774a35dd-bb35-4bd0-ad5a-03171c7f55d0,25.19,4.078,2025-12-24 08:18:18.599421+00,2025-12-24 08:18:18.599421+00,
f9e54874-cd5e-4b8a-89c8-d3de9b8fd484,25.31,3.042,2025-12-24 08:18:20.896776+00,2025-12-24 08:18:20.896776+00,
33f47657-4b58-4753-8357-0bd81f1813fa,25.37,1.673,2025-12-24 08:18:23.047946+00,2025-12-24 08:18:23.047946+00,
6814310a-e0e7-4fc4-b993-f835a3bb559d,25.5,0.868,2025-12-24 08:18:25.155116+00,2025-12-24 08:18:25.155116+00,
ec7b586b-3657-4666-84d3-0cebc86b09f1,25.56,0.242,2025-12-24 08:18:27.300825+00,2025-12-24 08:18:27.300825+00,
cbf461f9-b971-4cd0-af29-d949a0cce7c4,25.62,0,2025-12-24 08:18:29.452305+00,2025-12-24 08:18:29.452305+00,
520eca4e-6d14-46c2-ba88-f9294d4a6af2,25.69,0,2025-12-24 08:18:31.900461+00,2025-12-24 08:18:31.900461+00,
55836d87-785f-4f1e-a1f6-0835ee65a000,25.81,0,2025-12-24 08:18:34.168123+00,2025-12-24 08:18:34.168123+00,
dca13939-c7b1-4e72-92b6-b085bf2b8194,25.81,0,2025-12-24 08:18:36.319574+00,2025-12-24 08:18:36.319574+00,
8c2bf005-7ff1-4feb-ba64-593dc98e7a30,25.88,0,2025-12-24 08:18:38.481653+00,2025-12-24 08:18:38.481653+00,
117edb57-1f40-481c-bb4d-8cf5e9ce93a3,25.94,0,2025-12-24 08:18:40.632576+00,2025-12-24 08:18:40.632576+00,
c542b4aa-5192-4213-81fb-39cfc97113e2,25.94,0,2025-12-24 08:18:42.786857+00,2025-12-24 08:18:42.786857+00,
10aab7f8-f5d1-4b47-b20a-c4079a5a7a54,26,0,2025-12-24 08:18:44.964398+00,2025-12-24 08:18:44.964398+00,
c4763351-e47c-47b2-8ec6-e82c7c47398b,26,0,2025-12-24 08:18:47.103081+00,2025-12-24 08:18:47.103081+00,
a84ac547-a21b-4537-8801-f24ac360fd37,26.06,0,2025-12-24 08:18:49.22716+00,2025-12-24 08:18:49.22716+00,
45bda8dc-d934-402e-babd-e2ffc2e489bd,26.12,0,2025-12-24 08:18:51.500837+00,2025-12-24 08:18:51.500837+00,
44fc6991-4dcd-4fb9-800b-fb7393c860f9,26.12,0,2025-12-24 08:18:53.827121+00,2025-12-24 08:18:53.827121+00,
c21eb94f-3d3b-47bd-8a2c-e82681a17e58,26.12,0,2025-12-24 08:18:56.00133+00,2025-12-24 08:18:56.00133+00,
ca467553-eebb-4af5-a6ce-7404dc2fcf6b,26.12,0,2025-12-24 08:18:58.227852+00,2025-12-24 08:18:58.227852+00,
1d7b9c4b-3a55-4a4d-a68a-e260cc0c39b7,26.19,0,2025-12-24 08:19:00.684959+00,2025-12-24 08:19:00.684959+00,
07f18ba0-1151-4a6c-8c0a-7b04ed9d6373,25,0,2025-12-27 08:29:06.243471+00,2025-12-27 08:29:06.243471+00,
e7fa3bf0-ba97-4fd0-9833-7cb22644b883,25,0,2025-12-27 08:29:09.148117+00,2025-12-27 08:29:09.148117+00,
b9cb6691-bf1e-49c2-bd9f-50219101b9fa,25,0,2025-12-27 08:29:12.314127+00,2025-12-27 08:29:12.314127+00,
e7b4b286-5d84-4099-957a-1af7f369fcb9,25,0,2025-12-27 08:29:15.197262+00,2025-12-27 08:29:15.197262+00,
fdbde820-efa1-4819-8d80-606e64af829c,25,0,2025-12-27 08:29:17.990128+00,2025-12-27 08:29:17.990128+00,
dc71d3be-a4b0-4fe6-b1e9-b9a0ea08b075,25,0,2025-12-27 08:29:20.964124+00,2025-12-27 08:29:20.964124+00,
68d7e0c6-f841-4c7c-ba05-8f9ce9cab6eb,25,0,2025-12-27 08:29:23.831418+00,2025-12-27 08:29:23.831418+00,
0dc010a3-ebca-46d9-8e82-daeefd1bd92d,25,0,2025-12-27 08:29:26.699815+00,2025-12-27 08:29:26.699815+00,
51a66d89-5a65-4e54-ba8d-da215be153ae,25,0,2025-12-27 08:29:29.559209+00,2025-12-27 08:29:29.559209+00,
c7a2cff6-e04a-4384-95fb-f9abfa599ce0,25,0,2025-12-27 08:29:49.90209+00,2025-12-27 08:29:49.90209+00,18.74
3a2a433c-f009-4060-b24d-af615db20ed6,25,0,2025-12-27 08:30:01.719589+00,2025-12-27 08:30:01.719589+00,18.65
91e4465a-de69-4014-9e31-8585122f9200,25,0,2025-12-27 08:30:13.583497+00,2025-12-27 08:30:13.583497+00,18.65
2c841399-3349-41c8-a846-9a28dfc1d3e7,25,0,2025-12-27 08:30:25.440121+00,2025-12-27 08:30:25.440121+00,18.88
af683dfb-3967-4f85-b0bf-297273dd54f9,25,0,2025-12-27 08:30:37.210081+00,2025-12-27 08:30:37.210081+00,18.98
9ceb7bf3-d77a-4b10-872f-d32beb1a5b16,25,0,2025-12-27 08:30:48.985202+00,2025-12-27 08:30:48.985202+00,17.79
29d672ee-4413-4fa8-99b5-4a766d7ac922,25,0,2025-12-27 08:31:00.875687+00,2025-12-27 08:31:00.875687+00,19.69
9451111b-85d1-4b92-82c8-67ba3e559a1e,25,0,2025-12-27 08:31:12.644973+00,2025-12-27 08:31:12.644973+00,21.67
10ed970a-1c84-4b6e-ad5d-c1b3264144fa,25,0,2025-12-27 08:31:24.424119+00,2025-12-27 08:31:24.424119+00,21.29
8d738862-0a03-4713-993d-191a06f02966,25,0,2025-12-27 08:31:36.194703+00,2025-12-27 08:31:36.194703+00,20.82
cf47c9e5-3e6b-4614-be35-f78093fe5523,25,0,2025-12-27 08:31:47.9866+00,2025-12-27 08:31:47.9866+00,20.92
d0ac2988-d234-4bf2-883a-1daaa7006ef3,25,0,2025-12-27 08:31:59.850811+00,2025-12-27 08:31:59.850811+00,20.77
b8d1acce-d3bc-4906-b1e3-067d1cad7f47,25,0,2025-12-27 08:32:11.625295+00,2025-12-27 08:32:11.625295+00,20.68
dfbb3c1d-0f93-40b2-bc57-67df13b169b7,25,0,2025-12-27 08:32:23.408919+00,2025-12-27 08:32:23.408919+00,20.54
022d90df-1cca-421a-a5d7-71bc8659ae3b,25,0,2025-12-27 08:32:35.488183+00,2025-12-27 08:32:35.488183+00,20.59
9c753126-c4ab-49be-9cf9-ddc26dd03d3f,25,0,2025-12-27 08:32:47.263007+00,2025-12-27 08:32:47.263007+00,20.54
02993997-0f5b-41d7-8c8f-18313430fcba,25,0,2025-12-27 08:46:19.631182+00,2025-12-27 08:46:19.631182+00,22.19
ea2cc439-4425-4f66-87d3-2ae3534910bc,25,0,2025-12-27 08:49:08.35686+00,2025-12-27 08:49:08.35686+00,22.19
6e6d05ba-6ec8-4747-af3d-7cf42fad3c7d,25,0,2025-12-27 08:49:41.031466+00,2025-12-27 08:49:41.031466+00,18.36
3d4dfa78-cb2f-428c-9421-acb09f2f222b,25,0,2025-12-27 08:50:09.912046+00,2025-12-27 08:50:09.912046+00,20.6
abe45021-1d95-48e5-a8db-ed2f224fea2e,25,0,2025-12-27 08:50:22.508794+00,2025-12-27 08:50:22.508794+00,20.51
4ef44c32-7fdd-42dd-a70b-2d213b3763b8,25,0,2025-12-27 08:50:34.632572+00,2025-12-27 08:50:34.632572+00,20.51
00d73f84-0cde-40f4-bf46-2ebaff2c1e59,25,0,2025-12-27 08:50:46.569061+00,2025-12-27 08:50:46.569061+00,20.48
513b692b-ad65-45e3-a9fc-c3e868647e98,25,0,2025-12-27 08:50:58.553628+00,2025-12-27 08:50:58.553628+00,20.35
fc82b59c-586f-4fad-a3ef-d54138ec6f48,25,0,2025-12-27 08:56:15.725813+00,2025-12-27 08:56:15.725813+00,22.19
247776c9-a90f-45f8-8b03-6dfff980208c,25,0,2025-12-27 08:56:27.571495+00,2025-12-27 08:56:27.571495+00,19.48
36210cad-1e83-46de-8b2f-931216096a8d,25,0,2025-12-27 08:56:39.325142+00,2025-12-27 08:56:39.325142+00,20.66
f051e7c4-ed60-4b4b-9519-ca9071170884,25,0,2025-12-27 08:56:51.414144+00,2025-12-27 08:56:51.414144+00,20.6
0a02750a-96d1-4f2d-ab5e-e8ca9bcc0295,25,0,2025-12-27 08:57:16.626048+00,2025-12-27 08:57:16.626048+00,18.5
93c7e25d-313f-462d-a137-d59eb7a9a045,25,0,2025-12-27 08:57:28.493544+00,2025-12-27 08:57:28.493544+00,21.53
1d27365d-d0aa-4184-b110-80febc2bbe5a,25,0,2025-12-27 08:57:40.268959+00,2025-12-27 08:57:40.268959+00,19.69
9d7aadbc-7e22-4657-a60e-60a44659f91a,25,0,2025-12-27 08:57:52.046496+00,2025-12-27 08:57:52.046496+00,21.72
8fbba3f5-c0cb-4c7c-b690-f35b7a576095,25,0,2025-12-27 08:58:04.632782+00,2025-12-27 08:58:04.632782+00,17.04
90265bd1-e609-42cb-8ea5-4667edc8c045,25,0,2025-12-27 08:58:16.421496+00,2025-12-27 08:58:16.421496+00,17.56
d4027f9d-bc53-4815-a5e8-86adef32e728,25,0,2025-12-27 08:58:28.129462+00,2025-12-27 08:58:28.129462+00,17.65
a6b54b60-ea11-4e8c-a5fe-c5a9ad53f9e0,25,0,2025-12-27 08:58:39.972263+00,2025-12-27 08:58:39.972263+00,17.84
fcf97e69-dfce-4a5a-a69b-0fdd215c88a4,25,0,2025-12-27 08:59:12.752326+00,2025-12-27 08:59:12.752326+00,17.89
bc013a56-d575-49eb-b166-753bd4895608,25,0,2025-12-27 08:59:24.623525+00,2025-12-27 08:59:24.623525+00,18.03
d5cb6206-c108-46f7-b0e6-f082e6d1d206,25,0,2025-12-27 08:59:36.382265+00,2025-12-27 08:59:36.382265+00,17.89
c6ecbe62-3e3a-4341-aa9a-43e28031a3ac,25,0,2025-12-27 09:00:10.016672+00,2025-12-27 09:00:10.016672+00,17.98
54022fd9-cb05-4504-88e2-548e84a5911d,25,0,2025-12-27 09:00:21.868378+00,2025-12-27 09:00:21.868378+00,18.08
3c62fb29-1296-4077-bd78-7211e40904f9,25,0,2025-12-27 09:00:33.730355+00,2025-12-27 09:00:33.730355+00,17.94
0e3b6086-85b2-479a-a2ce-d784dcb17466,25,0,2025-12-27 09:00:45.61372+00,2025-12-27 09:00:45.61372+00,17.94
9362c0fa-b8df-4631-8673-a0146e0c7d89,25,0,2025-12-27 09:00:57.446259+00,2025-12-27 09:00:57.446259+00,18.88
25c7d712-327e-483a-8230-e3ef4056373e,25,0,2025-12-27 09:01:09.27889+00,2025-12-27 09:01:09.27889+00,19.02
957228e9-e1be-4a8c-b6eb-54608fac2e24,25,0,2025-12-27 09:01:21.167024+00,2025-12-27 09:01:21.167024+00,17.46
1fe824ab-9beb-4a3a-9f28-9cd95ec25f85,25,0,2025-12-27 09:01:33.027958+00,2025-12-27 09:01:33.027958+00,18.08
961919e8-b93e-4ecf-8574-82c82c2257df,25,0,2025-12-27 09:01:44.789595+00,2025-12-27 09:01:44.789595+00,18.32
c3389c63-939f-437a-b103-d19bedb10349,25,0,2025-12-27 09:02:38.571807+00,2025-12-27 09:02:38.571807+00,22.19
eb6d3188-add6-4db2-b2d9-ca85f2262619,25,0,2025-12-27 09:02:50.536508+00,2025-12-27 09:02:50.536508+00,22.19
1e927c93-c103-4707-9110-be83cb9be193,25,0,2025-12-27 09:03:02.329927+00,2025-12-27 09:03:02.329927+00,22.19
5ae3cccb-e4b9-4140-b72d-2ffa79d36fbd,25,0,2025-12-27 09:03:14.147423+00,2025-12-27 09:03:14.147423+00,22.19
5ca364e2-94d0-4ea6-a9af-cc35606feea2,25,0,2025-12-27 09:03:25.926665+00,2025-12-27 09:03:25.926665+00,22.19
62653c34-0dbe-4ed2-ae04-26bd65ff7882,25,0,2025-12-27 09:03:37.846388+00,2025-12-27 09:03:37.846388+00,22.19
935e1f44-3cda-439b-965b-abd5737e18d3,25,0,2025-12-27 09:03:49.723271+00,2025-12-27 09:03:49.723271+00,22.19
bf303f16-ecd1-4641-95f7-5e0b6f45d27f,25,0,2025-12-27 09:04:01.733009+00,2025-12-27 09:04:01.733009+00,22.19
67034be8-04eb-485e-acee-5e89edef578c,25,0,2025-12-27 09:04:13.906235+00,2025-12-27 09:04:13.906235+00,22.19
20d0202c-36d1-44d2-abb8-cfccc1cd0e10,25,0,2025-12-27 09:04:25.784403+00,2025-12-27 09:04:25.784403+00,22.19
e03aee63-9ff4-45de-8f86-26d81fb7295a,25,0,2025-12-27 09:04:37.634147+00,2025-12-27 09:04:37.634147+00,22.19
d889f384-1c27-436c-8f6c-c06a267290ee,25,0,2025-12-27 09:04:49.592748+00,2025-12-27 09:04:49.592748+00,22.19
d3682391-3a0e-4a54-89d7-ae2ffb9de617,25,0,2025-12-27 09:05:01.692443+00,2025-12-27 09:05:01.692443+00,22.19
b3078584-683e-46ce-a4f8-552d7f17f63a,25,0,2025-12-27 09:05:13.673366+00,2025-12-27 09:05:13.673366+00,22.19
799626ea-b2b0-4ccd-9e7d-12f4356d347e,25,0,2025-12-27 09:05:25.498616+00,2025-12-27 09:05:25.498616+00,22.19
43bdcc54-78ad-4f41-9749-7d39f541351e,25,0.77,2025-12-27 09:05:37.350188+00,2025-12-27 09:05:37.350188+00,16.75
1aafd18d-3497-4270-a5cd-52cde37b60e9,25,0,2025-12-27 09:05:49.234632+00,2025-12-27 09:05:49.234632+00,19.4
c1d9ffc8-c6d1-4f47-b299-5c95bbab8c91,25,0,2025-12-27 09:06:01.454198+00,2025-12-27 09:06:01.454198+00,20.25
5d8684e2-c762-40c1-83df-51e21db73a49,25,0,2025-12-27 09:06:13.318642+00,2025-12-27 09:06:13.318642+00,20.96
54e8e3b1-a272-4602-8953-5a48860f2889,25,0,2025-12-27 09:06:25.195357+00,2025-12-27 09:06:25.195357+00,21.25
e59d461b-6bac-4ee3-874b-0ef36f0ba167,25,0,2025-12-27 09:06:37.052842+00,2025-12-27 09:06:37.052842+00,20.92
9ef54f53-f658-4af9-8eb9-a3017463a623,25,0,2025-12-27 09:06:49.057109+00,2025-12-27 09:06:49.057109+00,20.92
d68c64fe-9766-4381-b638-d9f1742a77eb,25,0,2025-12-27 09:07:00.97773+00,2025-12-27 09:07:00.97773+00,21.29
6cfef3c8-0802-4a27-bf57-6024e62c3148,25,0,2025-12-29 06:14:50.92167+00,2025-12-29 06:14:50.92167+00,22.19
d51fbb03-263e-4356-8c4b-71559fb7883f,25,0,2025-12-29 06:15:03.020363+00,2025-12-29 06:15:03.020363+00,22.19
edad22cf-b905-4d72-b186-8f09e5c1b948,25,0,2025-12-29 06:15:14.930176+00,2025-12-29 06:15:14.930176+00,22.19
6422f616-39d1-4cad-a387-d5e8939e5b34,25,0,2025-12-29 06:15:26.807811+00,2025-12-29 06:15:26.807811+00,22.19
95c0a063-ec1c-46df-8808-c364a5294976,25,0,2025-12-29 06:15:38.586826+00,2025-12-29 06:15:38.586826+00,22.19
ddd370f1-4e8b-4bd6-88ff-83854767baef,25,0,2025-12-29 06:15:50.50079+00,2025-12-29 06:15:50.50079+00,22.19
76ae8a04-3881-4d7b-bf0e-1a1ef56af700,25,0,2025-12-29 06:16:02.343508+00,2025-12-29 06:16:02.343508+00,22.19
5961090a-6767-403b-a3db-f3a0983e6872,25,0,2025-12-29 06:16:14.136583+00,2025-12-29 06:16:14.136583+00,22.19
56a9c1e2-5185-4068-8e14-bbd36a5bca13,25,0,2025-12-29 06:16:26.03348+00,2025-12-29 06:16:26.03348+00,22.19
1d361260-8201-4858-8e37-ac3965e3fde6,25,0,2025-12-29 06:16:39.711523+00,2025-12-29 06:16:39.711523+00,22.19
65ecc5d6-4c9d-4ac9-831c-6fbdb43d5e2a,25,0,2025-12-29 06:16:51.497331+00,2025-12-29 06:16:51.497331+00,22.19
a6f3b4fc-6a73-4ab1-91e0-077346e3aaf3,25,0,2025-12-29 06:17:03.398738+00,2025-12-29 06:17:03.398738+00,22.19
2e969565-4f98-4c5b-a826-b767652a5535,25,0,2025-12-29 06:17:15.248598+00,2025-12-29 06:17:15.248598+00,22.19
51bdb51d-7183-444a-8105-ea8242bb8c66,25,0,2025-12-29 06:25:44.768289+00,2025-12-29 06:25:44.768289+00,22.19
ba598629-f50c-466b-944d-6e5da7d3ed7a,25,0,2025-12-29 06:25:56.686218+00,2025-12-29 06:25:56.686218+00,22.19
23cb9f9c-5822-49bf-85e6-dad7783b80d5,25,0,2025-12-29 06:26:08.553174+00,2025-12-29 06:26:08.553174+00,22.19
71555fa7-81f3-4258-9375-02e03947383f,25,0,2025-12-29 06:26:20.325965+00,2025-12-29 06:26:20.325965+00,22.19
0c12f4d2-c129-4366-9590-de4cd997672b,25,0,2025-12-29 06:26:32.036935+00,2025-12-29 06:26:32.036935+00,22.19
b1602cdb-cf99-4edf-bb03-d5703226e999,25,0,2025-12-29 06:26:43.884343+00,2025-12-29 06:26:43.884343+00,22.19
c8cbec00-98f8-4669-94b6-5fb95b563966,25,0,2025-12-29 06:26:55.657516+00,2025-12-29 06:26:55.657516+00,22.19
76535573-cbd8-4f45-9a82-4f9aab85bfe1,25,0,2025-12-29 06:27:07.458516+00,2025-12-29 06:27:07.458516+00,22.19
9a436a60-5c65-444d-a8ca-e13b553ab0e4,25,0,2025-12-29 06:27:19.332808+00,2025-12-29 06:27:19.332808+00,22.19
8310c755-8383-4940-9edb-bd247c494715,25,0,2025-12-29 06:27:31.48869+00,2025-12-29 06:27:31.48869+00,22.19
598fe00f-57a7-4a60-8d05-fe467730672b,25,0,2025-12-29 06:27:43.504009+00,2025-12-29 06:27:43.504009+00,22.19
b6c101d1-9670-4946-ad9b-95b4de78a4a8,25,0,2025-12-29 06:27:55.36447+00,2025-12-29 06:27:55.36447+00,22.19
4c18f9f1-ad49-4541-a5dd-c32f95871c77,25,0,2025-12-29 06:28:07.335859+00,2025-12-29 06:28:07.335859+00,22.19
fab7e57c-507e-4f42-b664-fca896c4b06a,25,0,2025-12-29 06:28:19.066988+00,2025-12-29 06:28:19.066988+00,22.19
d66e21c0-ea8c-4e55-af5a-bf5018451417,25,0,2025-12-29 06:28:30.935843+00,2025-12-29 06:28:30.935843+00,22.19
58c858e4-9a04-467b-878d-c3d3d30dd9e6,25,0,2025-12-29 06:28:42.771377+00,2025-12-29 06:28:42.771377+00,22.19
952a852e-2dd9-402d-a652-844277e6dcde,25,0,2025-12-29 06:28:54.545103+00,2025-12-29 06:28:54.545103+00,22.19
58f7d52e-1b57-4513-b478-1242d618ca7c,25,0,2025-12-29 06:29:06.420394+00,2025-12-29 06:29:06.420394+00,22.19
2862da70-786d-4939-99a0-6b078a916b86,25,0,2025-12-29 06:29:18.503603+00,2025-12-29 06:29:18.503603+00,22.19
e616925e-205e-4647-b869-74862773ed17,25,0,2025-12-29 06:29:30.294384+00,2025-12-29 06:29:30.294384+00,22.19
0881f4f3-01ec-4f17-ae60-b40b19dcc171,25,0,2025-12-29 06:29:42.112005+00,2025-12-29 06:29:42.112005+00,22.19
bd757f3f-b104-4ccd-b343-ed1c4e7d8efe,25,0,2025-12-29 06:29:53.876109+00,2025-12-29 06:29:53.876109+00,22.19